﻿<?xml version="1.0" encoding="utf-8"?>
<?xml-stylesheet type="text/xsl" href="d:\program files (x86)\microsoft visual studio 14.0\team tools\static analysis tools\fxcop\Xml\CodeAnalysisReport.xsl"?>
<FxCopReport Version="14.0">
 <Targets>
  <Target Name="C:\Users\余海涛\Desktop\DCam-1.0.1-win\resources\app\NikonCtrl\demo_capture.exe">
   <Modules>
    <Module Name="demo_capture.exe">
     <Messages>
      <Message TypeName="MarkWindowsFormsEntryPointsWithStaThread" Category="Microsoft.Usage" CheckId="CA2232" Status="Active" Created="2022-11-16 09:29:57Z" FixCategory="NonBreaking">
       <Issue Certainty="95" Level="Error">使用 STAThreadAttribute 来标记程序集 'demo_capture.exe' 中的入口点方法 'Program.Main(string[])'。</Issue>
      </Message>
     </Messages>
     <Namespaces>
      <Namespace Name="demo_capture">
       <Types>
        <Type Name="DemoCapture" Kind="Class" Accessibility="Public" ExternallyVisible="True">
         <Messages>
          <Message TypeName="TypesThatOwnDisposableFieldsShouldBeDisposable" Category="Microsoft.Design" CheckId="CA1001" Status="Active" Created="2022-11-16 09:29:57Z" FixCategory="DependsOnFix">
           <Issue Name="DependsOnFix" Certainty="95" Level="CriticalError">在 'DemoCapture' 上实现 IDisposable，因为它创建下列 IDisposable 类型的成员: 'AutoResetEvent'。如果以前提供过 'DemoCapture'，对于现有使用者来说，向此类型添加用于实现 IDisposable 的新成员属于重大更改。</Issue>
          </Message>
         </Messages>
         <Members>
          <Member Name="#ToMyInt32(System.String)" Kind="Method" Static="True" Accessibility="Public" ExternallyVisible="True">
           <Messages>
            <Message TypeName="RethrowToPreserveStackDetails" Category="Microsoft.Usage" CheckId="CA2200" Status="Active" Created="2022-11-16 09:29:57Z" FixCategory="NonBreaking">
             <Issue Certainty="95" Level="Error" Path="D:\caffe\deepocr-2022-10-16\trunk\nikoncswrapper_v2.1\src\demo_capture" File="Program.cs" Line="179">'DemoCapture.ToMyInt32(string)' 再次引发捕获的异常并将其显式地指定为一个参数。请改用不带参数的“throw”以保留该异常最初引发时所在的堆栈位置。</Issue>
            </Message>
           </Messages>
          </Member>
         </Members>
        </Type>
       </Types>
      </Namespace>
     </Namespaces>
    </Module>
   </Modules>
  </Target>
 </Targets>
 <Rules>
  <Rule TypeName="MarkWindowsFormsEntryPointsWithStaThread" Category="Microsoft.Usage" CheckId="CA2232">
   <Name>使用 STAThread 标记 Windows 窗体的入口点</Name>
   <Description>引用 System.Windows.Forms 的程序集应具有 STAThreadAttribute 特性。未能应用此特性将很可能导致应用程序无法运行。Windows 窗体依赖于一些使用 STA 模型的组件。</Description>
   <Resolution Name="Default">使用 STAThreadAttribute 来标记程序集 {1} 中的入口点方法 {0}。</Resolution>
   <Owner />
   <Url>http://msdn.microsoft.com/library/ms182351.aspx</Url>
   <Email>[none]</Email>
   <MessageLevel Certainty="95">Error</MessageLevel>
   <File Name="usagerules.dll" Version="14.0.0.0" />
  </Rule>
  <Rule TypeName="RethrowToPreserveStackDetails" Category="Microsoft.Usage" CheckId="CA2200">
   <Name>再次引发以保留堆栈详细信息</Name>
   <Description>重复引发捕获的异常时，请使用 IL 再次引发指令保留原始堆栈详细信息。</Description>
   <Resolution Name="Default">{0} 再次引发捕获的异常并将其显式地指定为一个参数。请改用不带参数的“throw”以保留该异常最初引发时所在的堆栈位置。</Resolution>
   <Owner />
   <Url>http://msdn.microsoft.com/library/ms182363.aspx</Url>
   <Email>[none]</Email>
   <MessageLevel Certainty="95">Error</MessageLevel>
   <File Name="usagerules.dll" Version="14.0.0.0" />
  </Rule>
  <Rule TypeName="TypesThatOwnDisposableFieldsShouldBeDisposable" Category="Microsoft.Design" CheckId="CA1001">
   <Name>具有可释放字段的类型应该是可释放的</Name>
   <Description>声明可释放成员的类型也应实现 IDisposable。如果该类型没有任何非托管资源，请不要在其上实现终结器。</Description>
   <Resolution Name="DependsOnFix">在 {0} 上实现 IDisposable，因为它创建下列 IDisposable 类型的成员: {1}。如果以前提供过 {0}，对于现有使用者来说，向此类型添加用于实现 IDisposable 的新成员属于重大更改。</Resolution>
   <Owner />
   <Url>http://msdn.microsoft.com/library/ms182172.aspx</Url>
   <Email>[none]</Email>
   <MessageLevel Certainty="95">CriticalError</MessageLevel>
   <File Name="designrules.dll" Version="14.0.0.0" />
  </Rule>
 </Rules>
 <Localized>
  <String Key="Category">类别</String>
  <String Key="Certainty">确定性</String>
  <String Key="CollapseAll">全部折叠</String>
  <String Key="CheckId">检查 ID</String>
  <String Key="Error">错误</String>
  <String Key="Errors">错误</String>
  <String Key="ExpandAll">全部展开</String>
  <String Key="Help">帮助</String>
  <String Key="Line">行</String>
  <String Key="Messages">消息</String>
  <String Key="LocationNotStoredInPdb">[位置未存储在 Pdb 中]</String>
  <String Key="Project">项目</String>
  <String Key="Resolution">解析</String>
  <String Key="Rule">规则</String>
  <String Key="RuleFile">规则文件</String>
  <String Key="RuleDescription">规则说明</String>
  <String Key="Source">源</String>
  <String Key="Status">状态</String>
  <String Key="Target">目标</String>
  <String Key="Warning">警告</String>
  <String Key="Warnings">警告</String>
  <String Key="ReportTitle">代码分析报告</String>
 </Localized>
</FxCopReport>
